"Station","hpdi_l","hpdi_h","mu","Hour","StationName"
1,-0.184824769515917,1.15391196009306,0.483032774496955,1,"Chengong Public Housing"
2,-0.852601948050188,0.476251882660625,-0.187393553489648,1,"Dunhua & Keelung Intersection"
3,-0.33809628414722,0.985331637971308,0.321266778203699,1,"JianGuo & Heping Intersection"
4,-1.18030569458751,0.129575764902953,-0.510351639807033,1,"Jinshan & Aiguo Intersection"
5,-0.43270327402756,0.887283721544155,0.220626931008697,1,"Keelung & Changxing Intersection"
6,0.36762154024947,1.68979697373912,1.02957649830359,1,"LiuGong Park"
7,0.511050887788537,1.83096667505117,1.18126640668947,1,"Longmen Square"
8,-2.93195127786309,-1.62854318638005,-2.29085374329838,1,"MRT Daan Park Sta."
9,-3.07033376701279,-1.70833895307317,-2.39362005518911,1,"MRT Daan Sta."
10,-2.37706386646918,-1.07810846798647,-1.73896688526347,1,"MRT Dongmen Sta. (Exit 4)"
11,-1.25813499919182,0.0616144767159679,-0.600617073855056,1,"MRT Gongguan Sta.(Exit 2)"
12,-0.106533747029429,1.25691694726273,0.573414120542457,1,"MRT Linguang Sta. (Exit 2)"
13,-0.187884059725362,1.10385090782381,0.47233000594217,1,"MRT Liuzhangli Sta."
14,-1.32667609844679,-0.0236444425421839,-0.677795050363751,1,"MRT S.Y.S Memorial Hall Stataion(Exit 2.)"
15,-0.84527787273823,0.503805063726708,-0.166586015932727,1,"MRT Taipower Building Sta. (Exit 2)"
16,-1.70989119181139,-0.386171869663888,-1.06008528101814,1,"MRT Technology Bldg. Sta."
17,-0.299583937068964,1.00542172739797,0.339909658456874,1,"MRT Xinyi Anhe Sta."
18,-1.0223190684284,0.292273765140775,-0.360691143682025,1,"MRT Zhongxiao Fuxing Sta.(Exit 2)"
19,-0.624381306887593,0.71223710737181,0.041029422741774,1,"MRT Zhongxiao Xinsheng Sta.(Exit 3)"
20,-1.18955076364055,0.134579259673104,-0.524270416111654,1,"N.T.U.S.T"
21,1.80669720752581,3.13591491713292,2.45688595864502,1,"NTNU Library"
22,0.897955907157371,2.23583059110395,1.56970233558379,1,"NTU Information Bldg."
23,-0.857225986079137,0.448054572628887,-0.191522061799472,1,"Renai & Yanji Intersection"
24,-1.3713633586968,-0.0301273114436958,-0.719612942363537,1,"Roosevelt & Xinsheng S. Intersection"
25,-0.949883091388736,0.391083139933145,-0.264970450094259,1,"Taipei City Hospital Renai Branch"
26,0.195496380644844,1.53362804077259,0.868060864029825,1,"Taipei Public Library"
27,-0.461510113531132,0.865103563580734,0.205533552205992,1,"Wolong & Leye Intersection"
28,-0.69201675454659,0.644549242901179,-0.0196912411725599,1,"Xinhai & Xinsheng Intersection"
29,-1.00757129082237,0.311427425038605,-0.355284766680587,1,"Xinsheng & Heping Intersection"
30,-1.89020585721022,-0.582578298896005,-1.23366137585127,1,"Xinyi & Dunhua Intersection"
31,-2.64397018437879,-1.32376282625608,-1.98899999273168,1,"Xinyi & Jianguo Intersection"
1,0.0630556587127373,1.40970769781645,0.752922346982109,2,"Chengong Public Housing"
2,-0.564529815642927,0.75148234618225,0.0824960189955064,2,"Dunhua & Keelung Intersection"
3,-0.102414170773764,1.24644032159577,0.591156350688853,2,"JianGuo & Heping Intersection"
4,-0.914477601073827,0.418176507905577,-0.240462067321879,2,"Jinshan & Aiguo Intersection"
5,-0.172909704389264,1.16145345684162,0.490516503493852,2,"Keelung & Changxing Intersection"
6,0.62213150896692,1.96192897893071,1.29946607078874,2,"LiuGong Park"
7,0.765785048995215,2.12889286535002,1.45115597917462,2,"Longmen Square"
8,-2.68068486799586,-1.32990585192011,-2.02096417081323,2,"MRT Daan Park Sta."
9,-2.80828309266177,-1.4421679315485,-2.12373048270395,2,"MRT Daan Sta."
10,-2.14196421562721,-0.78442381341416,-1.46907731277832,2,"MRT Dongmen Sta. (Exit 4)"
11,-1.0066994190798,0.346555230776141,-0.330727501369901,2,"MRT Gongguan Sta.(Exit 2)"
12,0.173310203417051,1.54169085490095,0.843303693027611,2,"MRT Linguang Sta. (Exit 2)"
13,0.0722656646978051,1.41253295912829,0.742219578427324,2,"MRT Liuzhangli Sta."
14,-1.05483820976226,0.223981823371095,-0.407905477878597,2,"MRT S.Y.S Memorial Hall Stataion(Exit 2.)"
15,-0.572528359261483,0.764987027235208,0.103303556552428,2,"MRT Taipower Building Sta. (Exit 2)"
16,-1.43587800369139,-0.13846153845399,-0.790195708532985,2,"MRT Technology Bldg. Sta."
17,-0.0590090781266852,1.2600004132237,0.609799230942028,2,"MRT Xinyi Anhe Sta."
18,-0.759097517629236,0.575185950657058,-0.0908015711968705,2,"MRT Zhongxiao Fuxing Sta.(Exit 2)"
19,-0.378257898279363,0.969954077280907,0.310918995226928,2,"MRT Zhongxiao Xinsheng Sta.(Exit 3)"
20,-0.917157823391618,0.405656990330815,-0.254380843626499,2,"N.T.U.S.T"
21,2.06934581019399,3.39817404774189,2.72677553113017,2,"NTNU Library"
22,1.17719892178467,2.53686055425861,1.83959190806895,2,"NTU Information Bldg."
23,-0.601102926568232,0.735562758309406,0.0783675106856822,2,"Renai & Yanji Intersection"
24,-1.10408873839823,0.225897864224419,-0.449723369878382,2,"Roosevelt & Xinsheng S. Intersection"
25,-0.683311920663179,0.687802231070484,0.00491912239089512,2,"Taipei City Hospital Renai Branch"
26,0.470781169228425,1.7922222764171,1.13795043651498,2,"Taipei Public Library"
27,-0.181243846360835,1.1375944560201,0.475423124691146,2,"Wolong & Leye Intersection"
28,-0.439263722833396,0.925379982204641,0.250198331312594,2,"Xinhai & Xinsheng Intersection"
29,-0.74369683617,0.560662423561646,-0.0853951941954322,2,"Xinsheng & Heping Intersection"
30,-1.64241141578393,-0.290446183857445,-0.963771803366118,2,"Xinyi & Dunhua Intersection"
31,-2.3827001380187,-1.02899760995446,-1.71911042024652,2,"Xinyi & Jianguo Intersection"
1,0.243785670263785,1.56298875396152,0.900733087435486,3,"Chengong Public Housing"
2,-0.425992095291673,0.90177479819618,0.230306759448883,3,"Dunhua & Keelung Intersection"
3,0.0683975345220061,1.40243432850498,0.73896709114223,3,"JianGuo & Heping Intersection"
4,-0.761692317976875,0.580884172233924,-0.0926513268685019,3,"Jinshan & Aiguo Intersection"
5,-0.0435509618976404,1.33603255921306,0.638327243947229,3,"Keelung & Changxing Intersection"
6,0.780286846781342,2.11134323123457,1.44727681124212,3,"LiuGong Park"
7,0.908502784935153,2.29652001794124,1.598966719628,3,"Longmen Square"
8,-2.53127458382932,-1.21009207975613,-1.87315343035985,3,"MRT Daan Park Sta."
9,-2.64648932293327,-1.31305393749513,-1.97591974225058,3,"MRT Daan Sta."
10,-1.97793638674319,-0.667457891864882,-1.32126657232494,3,"MRT Dongmen Sta. (Exit 4)"
11,-0.864062543350491,0.504322971588024,-0.182916760916524,3,"MRT Gongguan Sta.(Exit 2)"
12,0.309431876200736,1.64801079232213,0.991114433480988,3,"MRT Linguang Sta. (Exit 2)"
13,0.210278561156837,1.5686391670428,0.890030318880701,3,"MRT Liuzhangli Sta."
14,-0.894698692174136,0.385102161819938,-0.26009473742522,3,"MRT S.Y.S Memorial Hall Stataion(Exit 2.)"
15,-0.41733085812726,0.912169059887794,0.251114297005804,3,"MRT Taipower Building Sta. (Exit 2)"
16,-1.30646233744173,0.0259323915901138,-0.642384968079608,3,"MRT Technology Bldg. Sta."
17,0.0776703745987388,1.41460899982162,0.757609971395405,3,"MRT Xinyi Anhe Sta."
18,-0.606712719413332,0.713556188581509,0.0570091692565065,3,"MRT Zhongxiao Fuxing Sta.(Exit 2)"
19,-0.214809210800681,1.14160611947482,0.458729735680305,3,"MRT Zhongxiao Xinsheng Sta.(Exit 3)"
20,-0.765379139294411,0.562828368483167,-0.106570103173122,3,"N.T.U.S.T"
21,2.20931883960359,3.53932258073437,2.87458627158355,3,"NTNU Library"
22,1.31589989856268,2.66133073649544,1.98740264852233,3,"NTU Information Bldg."
23,-0.43317165045146,0.896214940448922,0.226178251139059,3,"Renai & Yanji Intersection"
24,-0.997616297118187,0.36848102175885,-0.301912629425005,3,"Roosevelt & Xinsheng S. Intersection"
25,-0.52081277447662,0.821621249413795,0.152729862844272,3,"Taipei City Hospital Renai Branch"
26,0.609370828797353,1.97864364738009,1.28576117696836,3,"Taipei Public Library"
27,-0.0314093214901418,1.29864101639053,0.623233865144523,3,"Wolong & Leye Intersection"
28,-0.287200842767306,1.06200649203412,0.398009071765971,3,"Xinhai & Xinsheng Intersection"
29,-0.610462253680233,0.741971396363732,0.0624155462579447,3,"Xinsheng & Heping Intersection"
30,-1.48147652619779,-0.160322211094531,-0.815961062912741,3,"Xinyi & Dunhua Intersection"
31,-2.2499016837165,-0.868279239547392,-1.57129967979314,3,"Xinyi & Jianguo Intersection"
1,0.0641411261438065,1.46717458362204,0.766747498968181,4,"Chengong Public Housing"
2,-0.603637125065919,0.778348111666471,0.0963211709815778,4,"Dunhua & Keelung Intersection"
3,-0.117218724801352,1.27673523714248,0.604981502674924,4,"JianGuo & Heping Intersection"
4,-0.912584195175902,0.448148543922466,-0.226636915335807,4,"Jinshan & Aiguo Intersection"
5,-0.205445418737031,1.20046160292542,0.504341655479923,4,"Keelung & Changxing Intersection"
6,0.650280373730194,1.990011036206,1.31329122277482,4,"LiuGong Park"
7,0.768238598197321,2.1619029457008,1.46498113116069,4,"Longmen Square"
8,-2.72430165672511,-1.30043671979236,-2.00713901882716,4,"MRT Daan Park Sta."
9,-2.78542940893198,-1.38256670204505,-2.10990533071788,4,"MRT Daan Sta."
10,-2.12825040200974,-0.766531760390717,-1.45525216079224,4,"MRT Dongmen Sta. (Exit 4)"
11,-1.00301273737778,0.37597709285942,-0.31690234938383,4,"MRT Gongguan Sta.(Exit 2)"
12,0.167260184922377,1.5664110340149,0.857128845013683,4,"MRT Linguang Sta. (Exit 2)"
13,0.0544628173780738,1.47612811576592,0.756044730413395,4,"MRT Liuzhangli Sta."
14,-1.08030767700207,0.29357725667341,-0.394080325892526,4,"MRT S.Y.S Memorial Hall Stataion(Exit 2.)"
15,-0.560534661492512,0.815209974870612,0.117128708538499,4,"MRT Taipower Building Sta. (Exit 2)"
16,-1.45261116997698,-0.0818484329261367,-0.776370556546913,4,"MRT Technology Bldg. Sta."
17,-0.0485788717486208,1.30546206081803,0.6236243829281,4,"MRT Xinyi Anhe Sta."
18,-0.752210601886166,0.599032520395844,-0.0769764192107991,4,"MRT Zhongxiao Fuxing Sta.(Exit 2)"
19,-0.370699756763995,1.02472285203095,0.324744147213,4,"MRT Zhongxiao Xinsheng Sta.(Exit 3)"
20,-0.899533666489764,0.446552497470679,-0.240555691640428,4,"N.T.U.S.T"
21,2.04736311278554,3.42653128321969,2.74060068311624,4,"NTNU Library"
22,1.18200844041216,2.5123020228519,1.85341706005502,4,"NTU Information Bldg."
23,-0.598579820805365,0.804537974079638,0.0921926626717536,4,"Renai & Yanji Intersection"
24,-1.13168739810531,0.271104630415843,-0.435898217892311,4,"Roosevelt & Xinsheng S. Intersection"
25,-0.668887102971674,0.687663543839642,0.0187442743769665,4,"Taipei City Hospital Renai Branch"
26,0.459435356573248,1.83886133349042,1.15177558850105,4,"Taipei Public Library"
27,-0.194268523512625,1.1669930263504,0.489248276677218,4,"Wolong & Leye Intersection"
28,-0.420188284913431,0.948762633169004,0.264023483298666,4,"Xinhai & Xinsheng Intersection"
29,-0.771233933510774,0.616994669881405,-0.0715700422093609,4,"Xinsheng & Heping Intersection"
30,-1.68190243429456,-0.254223426676687,-0.949946651380047,4,"Xinyi & Dunhua Intersection"
31,-2.41348059667359,-1.00495956982529,-1.70528526826045,4,"Xinyi & Jianguo Intersection"
1,-0.0379104338814364,1.27756504714138,0.618516719556909,5,"Chengong Public Housing"
2,-0.702894882605562,0.590569758686517,-0.0519096084296943,5,"Dunhua & Keelung Intersection"
3,-0.20199700608683,1.11762571299352,0.456750723263653,5,"JianGuo & Heping Intersection"
4,-1.03299646641266,0.286688946537479,-0.37486769474708,5,"Jinshan & Aiguo Intersection"
5,-0.293033686634487,1.01317502880661,0.356110876068651,5,"Keelung & Changxing Intersection"
6,0.503223241289004,1.83154634987794,1.16506044336354,5,"LiuGong Park"
7,0.627958574792404,2.00836925051411,1.31675035174942,5,"Longmen Square"
8,-2.81367594699876,-1.50174053203038,-2.15536979823843,5,"MRT Daan Park Sta."
9,-2.93098811265896,-1.58089995563379,-2.25813611012915,5,"MRT Daan Sta."
10,-2.25180518885595,-0.942120747950746,-1.60348294020352,5,"MRT Dongmen Sta. (Exit 4)"
11,-1.12804776806288,0.209616646523429,-0.465133128795102,5,"MRT Gongguan Sta.(Exit 2)"
12,0.0315214793995847,1.39537368484924,0.708898065602411,5,"MRT Linguang Sta. (Exit 2)"
13,-0.0499654823496345,1.27672964231577,0.607813951002123,5,"MRT Liuzhangli Sta."
14,-1.1920065137282,0.123103037908335,-0.542311105303798,5,"MRT S.Y.S Memorial Hall Stataion(Exit 2.)"
15,-0.716527788351315,0.649614303488678,-0.0311020708727731,5,"MRT Taipower Building Sta. (Exit 2)"
16,-1.57907249750332,-0.262403853052057,-0.924601335958185,5,"MRT Technology Bldg. Sta."
17,-0.207519361931544,1.14447668967884,0.475393603516828,5,"MRT Xinyi Anhe Sta."
18,-0.89332850753933,0.431045478965852,-0.225207198622071,5,"MRT Zhongxiao Fuxing Sta.(Exit 2)"
19,-0.478567969517507,0.828245047045645,0.176513367801728,5,"MRT Zhongxiao Xinsheng Sta.(Exit 3)"
20,-1.05014147970769,0.296892990291196,-0.3887864710517,5,"N.T.U.S.T"
21,1.90712002378398,3.26212750298993,2.59236990370497,5,"NTNU Library"
22,1.02284000389861,2.37394609508467,1.70518628064375,5,"NTU Information Bldg."
23,-0.70933321452103,0.611309583680691,-0.0560381167395184,5,"Renai & Yanji Intersection"
24,-1.26751157668321,0.0836263597622572,-0.584128997303583,5,"Roosevelt & Xinsheng S. Intersection"
25,-0.798954477473856,0.54779417457506,-0.129486505034306,5,"Taipei City Hospital Renai Branch"
26,0.334392217027193,1.68094979997479,1.00354480908978,5,"Taipei Public Library"
27,-0.317739663677809,0.988377021357044,0.341017497265946,5,"Wolong & Leye Intersection"
28,-0.550439378780954,0.757152384965845,0.115792703887394,5,"Xinhai & Xinsheng Intersection"
29,-0.878665950180108,0.431445275651167,-0.219800821620633,5,"Xinsheng & Heping Intersection"
30,-1.76275453628747,-0.41286442507828,-1.09817743079132,5,"Xinyi & Dunhua Intersection"
31,-2.5273031124278,-1.18133829197312,-1.85351604767172,5,"Xinyi & Jianguo Intersection"
1,0.050132123205217,1.35528628065406,0.70193279136386,6,"Chengong Public Housing"
2,-0.630608501613054,0.70368141441637,0.0315064633772567,6,"Dunhua & Keelung Intersection"
3,-0.154331299651745,1.22145426691533,0.540166795070604,6,"JianGuo & Heping Intersection"
4,-0.973616324681553,0.380416168116416,-0.291451622940128,6,"Jinshan & Aiguo Intersection"
5,-0.211988950084331,1.11877072493384,0.439526947875602,6,"Keelung & Changxing Intersection"
6,0.606550285924258,1.91856212095403,1.2484765151705,6,"LiuGong Park"
7,0.740345143344857,2.08574632499618,1.40016642355637,6,"Longmen Square"
8,-2.74841276772281,-1.38281866261174,-2.07195372643148,6,"MRT Daan Park Sta."
9,-2.8454386342764,-1.50810625931769,-2.1747200383222,6,"MRT Daan Sta."
10,-2.18323016638072,-0.841817129181864,-1.52006686839656,6,"MRT Dongmen Sta. (Exit 4)"
11,-1.05955217123275,0.292812040411019,-0.381717056988151,6,"MRT Gongguan Sta.(Exit 2)"
12,0.109991221575985,1.46554408268261,0.792314137409362,6,"MRT Linguang Sta. (Exit 2)"
13,0.000356607773204676,1.3689082629356,0.691230022809074,6,"MRT Liuzhangli Sta."
14,-1.09073376520173,0.188800961252835,-0.458895033496847,6,"MRT S.Y.S Memorial Hall Stataion(Exit 2.)"
15,-0.61472206527326,0.726552710588902,0.0523140009341779,6,"MRT Taipower Building Sta. (Exit 2)"
16,-1.46844013719215,-0.165120932373555,-0.841185264151235,6,"MRT Technology Bldg. Sta."
17,-0.127328512866876,1.23566695058222,0.558809675323778,6,"MRT Xinyi Anhe Sta."
18,-0.804458525105963,0.536275089776063,-0.14179112681512,6,"MRT Zhongxiao Fuxing Sta.(Exit 2)"
19,-0.413776100378628,0.940485241999767,0.259929439608679,6,"MRT Zhongxiao Xinsheng Sta.(Exit 3)"
20,-0.985951005101155,0.34265796115027,-0.305370399244749,6,"N.T.U.S.T"
21,1.99010882785524,3.33280506968005,2.67578597551192,6,"NTNU Library"
22,1.12077429023597,2.48434208401649,1.7886023524507,6,"NTU Information Bldg."
23,-0.674053877855185,0.694518596983765,0.0273779550674326,6,"Renai & Yanji Intersection"
24,-1.14221710368745,0.163232409857637,-0.500712925496632,6,"Roosevelt & Xinsheng S. Intersection"
25,-0.709319661918641,0.616877984987674,-0.0460704332273545,6,"Taipei City Hospital Renai Branch"
26,0.427072001676785,1.73967441531633,1.08696088089673,6,"Taipei Public Library"
27,-0.254300673731596,1.10032783559887,0.424433569072897,6,"Wolong & Leye Intersection"
28,-0.452552486244745,0.865101475534026,0.199208775694345,6,"Xinhai & Xinsheng Intersection"
29,-0.812131919391253,0.535566892611203,-0.136384749813682,6,"Xinsheng & Heping Intersection"
30,-1.68680542329583,-0.330843067465704,-1.01476135898437,6,"Xinyi & Dunhua Intersection"
31,-2.43252585892695,-1.11390812809668,-1.77009997586477,6,"Xinyi & Jianguo Intersection"
1,-0.353363732894867,1.01144393030753,0.337185132013871,7,"Chengong Public Housing"
2,-1.03876140628688,0.376885716195045,-0.333241195972732,7,"Dunhua & Keelung Intersection"
3,-0.508469916369155,0.871062550924604,0.175419135720615,7,"JianGuo & Heping Intersection"
4,-1.35070986981283,0.0336398416002441,-0.656199282290117,7,"Jinshan & Aiguo Intersection"
5,-0.604485797567452,0.746956592065195,0.0747792885256133,7,"Keelung & Changxing Intersection"
6,0.213677955025778,1.57150900417592,0.883728855820507,7,"LiuGong Park"
7,0.332744870078017,1.72357276615887,1.03541876420638,7,"Longmen Square"
8,-3.10650125085884,-1.76027701365565,-2.43670138578147,7,"MRT Daan Park Sta."
9,-3.26064219222027,-1.82260615822558,-2.53946769767219,7,"MRT Daan Sta."
10,-2.56748610285142,-1.21981187132631,-1.88481452774655,7,"MRT Dongmen Sta. (Exit 4)"
11,-1.44398392686018,-0.0317205576726859,-0.74646471633814,7,"MRT Gongguan Sta.(Exit 2)"
12,-0.274761671675112,1.12281845942828,0.427566478059373,7,"MRT Linguang Sta. (Exit 2)"
13,-0.344275681313333,1.01406174582656,0.326482363459086,7,"MRT Liuzhangli Sta."
14,-1.50525587105661,-0.14785946585907,-0.823642692846836,7,"MRT S.Y.S Memorial Hall Stataion(Exit 2.)"
15,-0.979940783790595,0.372030165160754,-0.312433658415811,7,"MRT Taipower Building Sta. (Exit 2)"
16,-1.87636353154226,-0.521858432651196,-1.20593292350122,7,"MRT Technology Bldg. Sta."
17,-0.525050944123433,0.88236893923022,0.19406201597379,7,"MRT Xinyi Anhe Sta."
18,-1.20647347956269,0.201210390860117,-0.506538786165109,7,"MRT Zhongxiao Fuxing Sta.(Exit 2)"
19,-0.788414342119821,0.603381642494271,-0.10481821974131,7,"MRT Zhongxiao Xinsheng Sta.(Exit 3)"
20,-1.36003510264456,0.0259660382764361,-0.670118058594738,7,"N.T.U.S.T"
21,1.61047236937865,3.0032895954062,2.31103831616193,7,"NTNU Library"
22,0.730665089905545,2.12803244054068,1.42385469310071,7,"NTU Information Bldg."
23,-1.02445644165558,0.324320991728515,-0.337369704282556,7,"Renai & Yanji Intersection"
24,-1.56768642070022,-0.165967392977787,-0.865460584846621,7,"Roosevelt & Xinsheng S. Intersection"
25,-1.10502423118488,0.274894447315903,-0.410818092577343,7,"Taipei City Hospital Renai Branch"
26,0.0362282569416465,1.42732567751678,0.72221322154674,7,"Taipei Public Library"
27,-0.622559232368848,0.760267576135067,0.0596859097229078,7,"Wolong & Leye Intersection"
28,-0.8401965144444,0.521648220935527,-0.165538883655644,7,"Xinhai & Xinsheng Intersection"
29,-1.17510484227378,0.187581083228145,-0.501132409163671,7,"Xinsheng & Heping Intersection"
30,-2.07855010426584,-0.695913644356352,-1.37950901833436,7,"Xinyi & Dunhua Intersection"
31,-2.829859702842,-1.42357751295108,-2.13484763521476,7,"Xinyi & Jianguo Intersection"
1,-1.00064272065376,0.325408825374163,-0.330058625591464,8,"Chengong Public Housing"
2,-1.65528242150066,-0.328309745418589,-1.00048495357807,8,"Dunhua & Keelung Intersection"
3,-1.1536268907268,0.175306610395267,-0.49182462188472,8,"JianGuo & Heping Intersection"
4,-1.95419078517653,-0.670968557220678,-1.32344303989545,8,"Jinshan & Aiguo Intersection"
5,-1.24159198267771,0.0728561061188236,-0.592464469079721,8,"Keelung & Changxing Intersection"
6,-0.427747558559493,0.882874783232317,0.216485098215172,8,"LiuGong Park"
7,-0.310002558024257,1.05982616321774,0.36817500660105,8,"Longmen Square"
8,-3.76667572471366,-2.42063959549856,-3.1039451433868,8,"MRT Daan Park Sta."
9,-3.86385084166175,-2.53591595310956,-3.20671145527753,8,"MRT Daan Sta."
10,-3.19013067791681,-1.91413097287102,-2.55205828535189,8,"MRT Dongmen Sta. (Exit 4)"
11,-2.09788991075266,-0.753421743426138,-1.41370847394347,8,"MRT Gongguan Sta.(Exit 2)"
12,-0.908823725616573,0.427380738853179,-0.239677279545962,8,"MRT Linguang Sta. (Exit 2)"
13,-0.976455111818207,0.339170602266963,-0.340761394146249,8,"MRT Liuzhangli Sta."
14,-2.13324112060546,-0.834484784168442,-1.49088645045217,8,"MRT S.Y.S Memorial Hall Stataion(Exit 2.)"
15,-1.63938518997819,-0.322938205028741,-0.979677416021145,8,"MRT Taipower Building Sta. (Exit 2)"
16,-2.52535501480082,-1.20885602775518,-1.87317668110656,8,"MRT Technology Bldg. Sta."
17,-1.12228846203145,0.208207250936706,-0.473181741631545,8,"MRT Xinyi Anhe Sta."
18,-1.83475464840349,-0.491257938044095,-1.17378254377044,8,"MRT Zhongxiao Fuxing Sta.(Exit 2)"
19,-1.43195153811125,-0.0727528692609537,-0.772061977346645,8,"MRT Zhongxiao Xinsheng Sta.(Exit 3)"
20,-1.99128678822202,-0.684137568367044,-1.33736181620007,8,"N.T.U.S.T"
21,0.963771289817307,2.32788754181003,1.6437945585566,8,"NTNU Library"
22,0.0967897907293043,1.42352801860856,0.756610935495376,8,"NTU Information Bldg."
23,-1.67354543058181,-0.336004802500019,-1.00461346188789,8,"Renai & Yanji Intersection"
24,-2.20163472116556,-0.873486948502395,-1.53270434245196,8,"Roosevelt & Xinsheng S. Intersection"
25,-1.73971925409744,-0.40112652860905,-1.07806185018268,8,"Taipei City Hospital Renai Branch"
26,-0.617404374747457,0.730480068403006,0.0549694639414058,8,"Taipei Public Library"
27,-1.26113400027354,0.0460526695109697,-0.607557847882427,8,"Wolong & Leye Intersection"
28,-1.47899517763923,-0.169475237661898,-0.832782641260979,8,"Xinhai & Xinsheng Intersection"
29,-1.83469971054035,-0.486224505314582,-1.16837616676901,8,"Xinsheng & Heping Intersection"
30,-2.72288482412716,-1.37364520087465,-2.04675277593969,8,"Xinyi & Dunhua Intersection"
31,-3.47940204955923,-2.15620614894296,-2.8020913928201,8,"Xinyi & Jianguo Intersection"
1,-0.0243051271925266,1.26808658132238,0.624110715148879,9,"Chengong Public Housing"
2,-0.69086615956327,0.610785465680075,-0.0463156128377237,9,"Dunhua & Keelung Intersection"
3,-0.183249708760723,1.10615776172342,0.462344718855623,9,"JianGuo & Heping Intersection"
4,-1.01621477827238,0.262763306880334,-0.369273699155109,9,"Jinshan & Aiguo Intersection"
5,-0.282337743957675,1.02256780785279,0.361704871660622,9,"Keelung & Changxing Intersection"
6,0.528584003091919,1.8182173033563,1.17065443895551,9,"LiuGong Park"
7,0.674624416679356,1.98333371395555,1.32234434734139,9,"Longmen Square"
8,-2.77959841538691,-1.49782589218491,-2.14977580264646,9,"MRT Daan Park Sta."
9,-2.92087372021099,-1.57153262949538,-2.25254211453718,9,"MRT Daan Sta."
10,-2.24604728574861,-0.945849087592712,-1.59788894461155,9,"MRT Dongmen Sta. (Exit 4)"
11,-1.10831880699958,0.178299718766435,-0.459539133203131,9,"MRT Gongguan Sta.(Exit 2)"
12,0.0503010021581212,1.38326756572817,0.714492061194381,9,"MRT Linguang Sta. (Exit 2)"
13,-0.0388332452833719,1.27232117817934,0.613407946594094,9,"MRT Liuzhangli Sta."
14,-1.15520242813125,0.100781824385941,-0.536717109711827,9,"MRT S.Y.S Memorial Hall Stataion(Exit 2.)"
15,-0.680636088735315,0.617409306883237,-0.0255080752808026,9,"MRT Taipower Building Sta. (Exit 2)"
16,-1.55464559209712,-0.275965866314014,-0.919007340366215,9,"MRT Technology Bldg. Sta."
17,-0.164906576748355,1.11623257958689,0.480987599108798,9,"MRT Xinyi Anhe Sta."
18,-0.850967768112271,0.426088362609282,-0.219613203030101,9,"MRT Zhongxiao Fuxing Sta.(Exit 2)"
19,-0.459830443450124,0.8504445579436,0.182107363393698,9,"MRT Zhongxiao Xinsheng Sta.(Exit 3)"
20,-1.04881263802124,0.267226880358853,-0.38319247545973,9,"N.T.U.S.T"
21,1.94650248144191,3.26657349612382,2.59796389929694,9,"NTNU Library"
22,1.06254356441521,2.37316261767144,1.71078027623572,9,"NTU Information Bldg."
23,-0.692853427546489,0.587253083089401,-0.0504441211475479,9,"Renai & Yanji Intersection"
24,-1.25639121253093,0.0672930359207282,-0.578535001711612,9,"Roosevelt & Xinsheng S. Intersection"
25,-0.777920782563437,0.53675715711878,-0.123892509442335,9,"Taipei City Hospital Renai Branch"
26,0.356916479337979,1.6639290444113,1.00913880468175,9,"Taipei Public Library"
27,-0.298025420607604,1.00671009467778,0.346611492857916,9,"Wolong & Leye Intersection"
28,-0.527914270537983,0.781658003132167,0.121386699479364,9,"Xinhai & Xinsheng Intersection"
29,-0.854715900113674,0.415938186071819,-0.214206826028662,9,"Xinsheng & Heping Intersection"
30,-1.73921812212066,-0.429851540118124,-1.09258343519935,9,"Xinyi & Dunhua Intersection"
31,-2.49166313651623,-1.19993465100602,-1.84792205207975,9,"Xinyi & Jianguo Intersection"
1,0.936061056869378,2.22043742693343,1.58118311823222,10,"Chengong Public Housing"
2,0.277930630797576,1.565285347507,0.910756790245621,10,"Dunhua & Keelung Intersection"
3,0.764372589254444,2.07377950675582,1.41941712193897,10,"JianGuo & Heping Intersection"
4,-0.0326547792941301,1.22938634612913,0.587798703928235,10,"Jinshan & Aiguo Intersection"
5,0.677424884663175,1.95448106924404,1.31877727474397,10,"Keelung & Changxing Intersection"
6,1.49193946106042,2.7765725994768,2.12772684203886,10,"LiuGong Park"
7,1.62333484204246,2.95846706184479,2.27941675042474,10,"Longmen Square"
8,-1.84707998126789,-0.533636110197758,-1.19270339956312,10,"MRT Daan Park Sta."
9,-1.98017663336134,-0.627624121142061,-1.29546971145384,10,"MRT Daan Sta."
10,-1.29106203722627,-0.00305913366713127,-0.640816541528201,10,"MRT Dongmen Sta. (Exit 4)"
11,-0.155737211422402,1.14601429996912,0.497533269880213,10,"MRT Gongguan Sta.(Exit 2)"
12,1.02630637699922,2.34156336331206,1.67156446427773,10,"MRT Linguang Sta. (Exit 2)"
13,0.948196989832762,2.21827639111193,1.57048034967744,10,"MRT Liuzhangli Sta."
14,-0.203569281357188,1.04546105311636,0.420355293371517,10,"MRT S.Y.S Memorial Hall Stataion(Exit 2.)"
15,0.284029688166993,1.59139863939127,0.931564327802542,10,"MRT Taipower Building Sta. (Exit 2)"
16,-0.59933086167496,0.662593055906003,0.0380650627171292,10,"MRT Technology Bldg. Sta."
17,0.785634801275353,2.09353349618464,1.43806000219214,10,"MRT Xinyi Anhe Sta."
18,0.0770622263844057,1.38939630157485,0.737459200053244,10,"MRT Zhongxiao Fuxing Sta.(Exit 2)"
19,0.487794778749806,1.78327352230687,1.13917976647704,10,"MRT Zhongxiao Xinsheng Sta.(Exit 3)"
20,-0.0630431289060411,1.22140718144002,0.573879927623615,10,"N.T.U.S.T"
21,2.90454663868737,4.20497668220596,3.55503630238029,10,"NTNU Library"
22,2.02434864578432,3.3237265195291,2.66785267931906,10,"NTU Information Bldg."
23,0.254769049235312,1.54834844970746,0.906628281935796,10,"Renai & Yanji Intersection"
24,-0.274727112870572,1.04088626886463,0.378537401371732,10,"Roosevelt & Xinsheng S. Intersection"
25,0.174857757562293,1.46802154459762,0.833179893641009,10,"Taipei City Hospital Renai Branch"
26,1.30454305269375,2.61166558978674,1.96621120776509,10,"Taipei Public Library"
27,0.680610827250374,1.93793184686,1.30368389594126,10,"Wolong & Leye Intersection"
28,0.451810790707486,1.72187688045155,1.07845910256271,10,"Xinhai & Xinsheng Intersection"
29,0.0903537612117398,1.40929412554511,0.742865577054682,10,"Xinsheng & Heping Intersection"
30,-0.800775654415085,0.539155096816185,-0.135511032116004,10,"Xinyi & Dunhua Intersection"
31,-1.5275501188059,-0.236990001447333,-0.890849648996408,10,"Xinyi & Jianguo Intersection"
1,0.225499883599765,1.57279479559339,0.885603029763409,11,"Chengong Public Housing"
2,-0.432957540543217,0.87312483889245,0.215176701776806,11,"Dunhua & Keelung Intersection"
3,0.0874980440299853,1.3730687835394,0.723837033470153,11,"JianGuo & Heping Intersection"
4,-0.758418796035009,0.541383869346612,-0.107781384540579,11,"Jinshan & Aiguo Intersection"
5,-0.03844197358453,1.27678431763352,0.623197186275152,11,"Keelung & Changxing Intersection"
6,0.789920637134342,2.08208884776554,1.43214675357004,11,"LiuGong Park"
7,0.920578921341468,2.25530487642022,1.58383666195592,11,"Longmen Square"
8,-2.52844882963303,-1.2257196506285,-1.88828348803193,11,"MRT Daan Park Sta."
9,-2.66680430885286,-1.2960287679865,-1.99104979992265,11,"MRT Daan Sta."
10,-1.97701926454475,-0.708598767393804,-1.33639662999702,11,"MRT Dongmen Sta. (Exit 4)"
11,-0.854875712452,0.462771013188832,-0.198046818588601,11,"MRT Gongguan Sta.(Exit 2)"
12,0.333379398394641,1.61830591641723,0.975984375808911,11,"MRT Linguang Sta. (Exit 2)"
13,0.24649897113711,1.50767308667952,0.874900261208624,11,"MRT Liuzhangli Sta."
14,-0.923741396084358,0.36567603631685,-0.275224795097297,11,"MRT S.Y.S Memorial Hall Stataion(Exit 2.)"
15,-0.4278817530904,0.889785794015714,0.235984239333727,11,"MRT Taipower Building Sta. (Exit 2)"
16,-1.30771655745649,-0.0156871423940478,-0.657515025751685,11,"MRT Technology Bldg. Sta."
17,0.0803284836965094,1.38829065244634,0.742479913723328,11,"MRT Xinyi Anhe Sta."
18,-0.600423725904093,0.677024039349267,0.0418791115844295,11,"MRT Zhongxiao Fuxing Sta.(Exit 2)"
19,-0.213133799104657,1.10146132985592,0.443599678008228,11,"MRT Zhongxiao Xinsheng Sta.(Exit 3)"
20,-0.765766444392224,0.528970085927787,-0.121700160845199,11,"N.T.U.S.T"
21,2.21472948582823,3.51777522206214,2.85945621391147,11,"NTNU Library"
22,1.32440675419598,2.61722438601755,1.97227259085025,11,"NTU Information Bldg."
23,-0.433203634317205,0.859442835304351,0.211048193466982,11,"Renai & Yanji Intersection"
24,-0.982112591570512,0.336155410344643,-0.317042687097082,11,"Roosevelt & Xinsheng S. Intersection"
25,-0.514693435204735,0.792421082033594,0.137599805172195,11,"Taipei City Hospital Renai Branch"
26,0.624251460424849,1.92438536959263,1.27063111929628,11,"Taipei Public Library"
27,-0.0175590285844407,1.2483019640265,0.608103807472446,11,"Wolong & Leye Intersection"
28,-0.254295770026587,1.03178159255132,0.382879014093894,11,"Xinhai & Xinsheng Intersection"
29,-0.588501968342818,0.68968885850051,0.0472854885858677,11,"Xinsheng & Heping Intersection"
30,-1.50139286537925,-0.160086200471548,-0.831091120584818,11,"Xinyi & Dunhua Intersection"
31,-2.24186468796733,-0.931022465722646,-1.58642973746522,11,"Xinyi & Jianguo Intersection"
1,-0.745733955398958,0.58473553764768,-0.0776555345104827,12,"Chengong Public Housing"
2,-1.43095994845694,-0.0822761886592395,-0.748081862497086,12,"Dunhua & Keelung Intersection"
3,-0.907864591547107,0.436363292780723,-0.239421530803739,12,"JianGuo & Heping Intersection"
4,-1.73223863677199,-0.417417510705012,-1.07103994881447,12,"Jinshan & Aiguo Intersection"
5,-1.02320967011128,0.328004709485973,-0.34006137799874,12,"Keelung & Changxing Intersection"
6,-0.185062277809705,1.12816536609883,0.468888189296153,12,"LiuGong Park"
7,-0.0660726917443681,1.30555611970943,0.620578097682031,12,"Longmen Square"
8,-3.51603747438734,-2.1868266744238,-2.85154205230582,12,"MRT Daan Park Sta."
9,-3.63089596525456,-2.25860507372895,-2.95430836419655,12,"MRT Daan Sta."
10,-2.97488091752576,-1.65904307338837,-2.29965519427091,12,"MRT Dongmen Sta. (Exit 4)"
11,-1.83372798110105,-0.493429692535841,-1.16130538286249,12,"MRT Gongguan Sta.(Exit 2)"
12,-0.664150636405089,0.670081469027162,0.0127258115350193,12,"MRT Linguang Sta. (Exit 2)"
13,-0.775157059867969,0.568187854414237,-0.088358303065268,12,"MRT Liuzhangli Sta."
14,-1.86392734024215,-0.567235505246257,-1.23848335937119,12,"MRT S.Y.S Memorial Hall Stataion(Exit 2.)"
15,-1.37731643986515,-0.0753204054416132,-0.727274324940165,12,"MRT Taipower Building Sta. (Exit 2)"
16,-2.28820052135589,-0.978706807787169,-1.62077359002558,12,"MRT Technology Bldg. Sta."
17,-0.891221879343459,0.452563740781726,-0.220778650550564,12,"MRT Xinyi Anhe Sta."
18,-1.59194385761162,-0.239158618607938,-0.921379452689463,12,"MRT Zhongxiao Fuxing Sta.(Exit 2)"
19,-1.21286698328693,0.144389365470276,-0.519658886265664,12,"MRT Zhongxiao Xinsheng Sta.(Exit 3)"
20,-1.74056743145856,-0.437029367447476,-1.08495872511909,12,"N.T.U.S.T"
21,1.22064112279142,2.56972235362086,1.89619764963758,12,"NTNU Library"
22,0.350093226633513,1.66251483959688,1.00901402657636,12,"NTU Information Bldg."
23,-1.41848884179067,-0.0847262102363295,-0.75221037080691,12,"Renai & Yanji Intersection"
24,-1.94867595581322,-0.608759568944516,-1.28030125137097,12,"Roosevelt & Xinsheng S. Intersection"
25,-1.4994209637489,-0.172411208131092,-0.825658759101697,12,"Taipei City Hospital Renai Branch"
26,-0.387746689756067,0.995519646964302,0.307372555022387,12,"Taipei Public Library"
27,-0.99662516426793,0.30832592168452,-0.355154756801446,12,"Wolong & Leye Intersection"
28,-1.27012788876099,0.0807237786688567,-0.580379550179998,12,"Xinhai & Xinsheng Intersection"
29,-1.59027553413581,-0.254640266150791,-0.915973075688024,12,"Xinsheng & Heping Intersection"
30,-2.44500215631626,-1.12956301483724,-1.79434968485871,12,"Xinyi & Dunhua Intersection"
31,-3.22623325188014,-1.88163712037518,-2.54968830173911,12,"Xinyi & Jianguo Intersection"
1,-0.721823641681861,0.60067610660224,-0.0666221189364486,13,"Chengong Public Housing"
2,-1.39818198430004,-0.07808060449751,-0.737048446923051,13,"Dunhua & Keelung Intersection"
3,-0.915644277212617,0.461610970077602,-0.228388115229705,13,"JianGuo & Heping Intersection"
4,-1.70807313819336,-0.39877354541243,-1.06000653324044,13,"Jinshan & Aiguo Intersection"
5,-0.992242976398741,0.336420611219327,-0.329027962424706,13,"Keelung & Changxing Intersection"
6,-0.146400534339612,1.15077691679464,0.479921604870187,13,"LiuGong Park"
7,-0.0444079851635076,1.302843781328,0.631611513256065,13,"Longmen Square"
8,-3.48121706442475,-2.17272250392177,-2.84050863673179,13,"MRT Daan Park Sta."
9,-3.60631732207502,-2.26828328285084,-2.94327494862251,13,"MRT Daan Sta."
10,-2.93134107461507,-1.63452888945031,-2.28862177869687,13,"MRT Dongmen Sta. (Exit 4)"
11,-1.81174561592365,-0.478769817649147,-1.15027196728846,13,"MRT Gongguan Sta.(Exit 2)"
12,-0.675866239594952,0.7004175050309,0.0237592271090534,13,"MRT Linguang Sta. (Exit 2)"
13,-0.752849746487829,0.599318152900959,-0.0773248874912338,13,"MRT Liuzhangli Sta."
14,-1.87798107786862,-0.549013569361341,-1.22744994379715,13,"MRT S.Y.S Memorial Hall Stataion(Exit 2.)"
15,-1.36849939568187,-0.0692737255013123,-0.71624090936613,13,"MRT Taipower Building Sta. (Exit 2)"
16,-2.25121718641562,-0.950551464092666,-1.60974017445154,13,"MRT Technology Bldg. Sta."
17,-0.865556800985393,0.462594349006942,-0.20974523497653,13,"MRT Xinyi Anhe Sta."
18,-1.55642536315887,-0.236010790076925,-0.910346037115428,13,"MRT Zhongxiao Fuxing Sta.(Exit 2)"
19,-1.15609689519233,0.172570800550078,-0.50862547069163,13,"MRT Zhongxiao Xinsheng Sta.(Exit 3)"
20,-1.73513823760955,-0.428239009266037,-1.07392530954506,13,"N.T.U.S.T"
21,1.22633198938658,2.58214156850221,1.90723106521161,13,"NTNU Library"
22,0.346531243083566,1.69515646611822,1.02004744215039,13,"NTU Information Bldg."
23,-1.38183867709437,-0.104570504515885,-0.741176955232876,13,"Renai & Yanji Intersection"
24,-1.9409315270942,-0.612193412805196,-1.26926783579694,13,"Roosevelt & Xinsheng S. Intersection"
25,-1.45495792424998,-0.141694745669564,-0.814625343527663,13,"Taipei City Hospital Renai Branch"
26,-0.319279403667454,0.964257053994825,0.318405970596421,13,"Taipei Public Library"
27,-1.00881733689162,0.319880996233278,-0.344121341227412,13,"Wolong & Leye Intersection"
28,-1.20826360520827,0.0747236831451836,-0.569346134605964,13,"Xinhai & Xinsheng Intersection"
29,-1.53449123154381,-0.254728274537509,-0.90493966011399,13,"Xinsheng & Heping Intersection"
30,-2.4417726582607,-1.12031310842424,-1.78331626928468,13,"Xinyi & Dunhua Intersection"
31,-3.19968526904567,-1.87956084908432,-2.53865488616508,13,"Xinyi & Jianguo Intersection"
1,0.225712379833339,1.54457647592683,0.884034291071073,14,"Chengong Public Housing"
2,-0.446341587969429,0.907892752124984,0.21360796308447,14,"Dunhua & Keelung Intersection"
3,0.0619232082746639,1.38467812283556,0.722268294777817,14,"JianGuo & Heping Intersection"
4,-0.753952363846818,0.539571378540034,-0.109350123232915,14,"Jinshan & Aiguo Intersection"
5,-0.0469979678832121,1.29357553502721,0.621628447582816,14,"Keelung & Changxing Intersection"
6,0.770589402515941,2.08983650393972,1.43057801487771,14,"LiuGong Park"
7,0.905797518112912,2.25978387489245,1.58226792326359,14,"Longmen Square"
8,-2.5497100782772,-1.21260117447015,-1.88985222672427,14,"MRT Daan Park Sta."
9,-2.66225306719448,-1.30426016876657,-1.99261853861499,14,"MRT Daan Sta."
10,-2.00959074846161,-0.687845785438842,-1.33796536868935,14,"MRT Dongmen Sta. (Exit 4)"
11,-0.883026594405983,0.44931481991684,-0.199615557280937,14,"MRT Gongguan Sta.(Exit 2)"
12,0.273178886697664,1.64710521065395,0.974415637116575,14,"MRT Linguang Sta. (Exit 2)"
13,0.229430620347728,1.52427005503956,0.873331522516288,14,"MRT Liuzhangli Sta."
14,-0.938736829147486,0.378306437947342,-0.276793533789633,14,"MRT S.Y.S Memorial Hall Stataion(Exit 2.)"
15,-0.453160157957597,0.900107808914811,0.234415500641391,14,"MRT Taipower Building Sta. (Exit 2)"
16,-1.30098980018684,0.00121653114895531,-0.659083764444021,14,"MRT Technology Bldg. Sta."
17,0.0505994216119197,1.39966562871423,0.740911175030992,14,"MRT Xinyi Anhe Sta."
18,-0.629887264174539,0.702634365587752,0.0403103728920935,14,"MRT Zhongxiao Fuxing Sta.(Exit 2)"
19,-0.21508961822019,1.0906632871201,0.442030939315892,14,"MRT Zhongxiao Xinsheng Sta.(Exit 3)"
20,-0.793758543720853,0.556032291306231,-0.123268899537535,14,"N.T.U.S.T"
21,2.20680907275252,3.51026185269275,2.85788747521914,14,"NTNU Library"
22,1.28706151824653,2.64130362340131,1.97070385215791,14,"NTU Information Bldg."
23,-0.425037639713622,0.853638165783114,0.209479454774646,14,"Renai & Yanji Intersection"
24,-0.987455100176885,0.329693978334559,-0.318611425789418,14,"Roosevelt & Xinsheng S. Intersection"
25,-0.527073688630927,0.814195472115032,0.136031066479859,14,"Taipei City Hospital Renai Branch"
26,0.608286299271893,1.93511108916988,1.26906238060394,14,"Taipei Public Library"
27,-0.0429924272409151,1.2842642265898,0.60653506878011,14,"Wolong & Leye Intersection"
28,-0.287398491230592,1.05944436599562,0.381310275401558,14,"Xinhai & Xinsheng Intersection"
29,-0.610789078804067,0.726306456429453,0.0457167498935317,14,"Xinsheng & Heping Intersection"
30,-1.48155719901551,-0.159664606902999,-0.832659859277154,14,"Xinyi & Dunhua Intersection"
31,-2.24852536561117,-0.916035729475523,-1.58799847615756,14,"Xinyi & Jianguo Intersection"
1,-0.792487155342871,0.613901112880432,-0.0876287758115412,15,"Chengong Public Housing"
2,-1.45231075269671,-0.0655604535252793,-0.758055103798144,15,"Dunhua & Keelung Intersection"
3,-0.951615098886324,0.443379953139292,-0.249394772104797,15,"JianGuo & Heping Intersection"
4,-1.78286211723632,-0.388169899686742,-1.08101319011553,15,"Jinshan & Aiguo Intersection"
5,-1.05205123718713,0.342567265413299,-0.350034619299799,15,"Keelung & Changxing Intersection"
6,-0.220338786000986,1.1566076099955,0.458914947995095,15,"LiuGong Park"
7,-0.0973969771413962,1.31897497605588,0.610604856380972,15,"Longmen Square"
8,-3.55982145733214,-2.16587352401625,-2.86151529360688,15,"MRT Daan Park Sta."
9,-3.66623909081868,-2.2588359706001,-2.9642816054976,15,"MRT Daan Sta."
10,-2.99930834228124,-1.61364039264159,-2.30962843557197,15,"MRT Dongmen Sta. (Exit 4)"
11,-1.89078033898695,-0.465118458544439,-1.17127862416355,15,"MRT Gongguan Sta.(Exit 2)"
12,-0.713950598685646,0.722938037065457,0.00275257023396078,15,"MRT Linguang Sta. (Exit 2)"
13,-0.774288877449497,0.592698025705415,-0.0983315443663264,15,"MRT Liuzhangli Sta."
14,-1.92993069007593,-0.54866504267839,-1.24845660067225,15,"MRT S.Y.S Memorial Hall Stataion(Exit 2.)"
15,-1.42259956712403,-0.0297933236420996,-0.737247566241223,15,"MRT Taipower Building Sta. (Exit 2)"
16,-2.32079345430333,-0.942994871167799,-1.63074683132664,15,"MRT Technology Bldg. Sta."
17,-0.904220737441748,0.483242008291689,-0.230751891851622,15,"MRT Xinyi Anhe Sta."
18,-1.63710501826507,-0.245161070059197,-0.931352693990521,15,"MRT Zhongxiao Fuxing Sta.(Exit 2)"
19,-1.23970923798959,0.159527252894731,-0.529632127566722,15,"MRT Zhongxiao Xinsheng Sta.(Exit 3)"
20,-1.7751147546753,-0.414006834884189,-1.09493196642015,15,"N.T.U.S.T"
21,1.19186295591146,2.56827957207868,1.88622440833652,15,"NTNU Library"
22,0.330363000122104,1.67730952118204,0.999040785275298,15,"NTU Information Bldg."
23,-1.43514388764228,-0.0827344505770215,-0.762183612107968,15,"Renai & Yanji Intersection"
24,-1.99759440874472,-0.603037068457623,-1.29027449267203,15,"Roosevelt & Xinsheng S. Intersection"
25,-1.5344320279458,-0.149759932274809,-0.835632000402755,15,"Taipei City Hospital Renai Branch"
26,-0.425245199933429,0.980936662360327,0.297399313721328,15,"Taipei Public Library"
27,-1.06272812321411,0.348136372947052,-0.365127998102504,15,"Wolong & Leye Intersection"
28,-1.27763474137327,0.114538364471702,-0.590352791481056,15,"Xinhai & Xinsheng Intersection"
29,-1.63833278650773,-0.206927939869277,-0.925946316989083,15,"Xinsheng & Heping Intersection"
30,-2.49688781000317,-1.12391582687953,-1.80432292615977,15,"Xinyi & Dunhua Intersection"
31,-3.26745617491659,-1.83751256266109,-2.55966154304017,15,"Xinyi & Jianguo Intersection"
1,-0.376814679166066,0.941833621558233,0.294313653466217,16,"Chengong Public Housing"
2,-1.00834708405566,0.268980639151339,-0.376112674520386,16,"Dunhua & Keelung Intersection"
3,-0.544957844557609,0.803403371527857,0.132547657172961,16,"JianGuo & Heping Intersection"
4,-1.33974323789911,-0.0635745148599387,-0.699070760837771,16,"Jinshan & Aiguo Intersection"
5,-0.621925905776864,0.700982056565446,0.0319078099779596,16,"Keelung & Changxing Intersection"
6,0.197689073879183,1.47719670531576,0.840857377272853,16,"LiuGong Park"
7,0.305637480281268,1.69758446869587,0.99254728565873,16,"Longmen Square"
8,-3.1603083896602,-1.8337175355468,-2.47957286432912,16,"MRT Daan Park Sta."
9,-3.23249502168672,-1.92105120239782,-2.58233917621985,16,"MRT Daan Sta."
10,-2.57013471607122,-1.26395410245985,-1.92768600629421,16,"MRT Dongmen Sta. (Exit 4)"
11,-1.44390024303916,-0.128436103275327,-0.789336194885794,16,"MRT Gongguan Sta.(Exit 2)"
12,-0.281837283570722,1.02799543873262,0.384694999511719,16,"MRT Linguang Sta. (Exit 2)"
13,-0.35587041792436,0.949058802751626,0.283610884911432,16,"MRT Liuzhangli Sta."
14,-1.51518297627415,-0.218364770947552,-0.866514171394489,16,"MRT S.Y.S Memorial Hall Stataion(Exit 2.)"
15,-1.00587309482454,0.310185738683501,-0.355305136963465,16,"MRT Taipower Building Sta. (Exit 2)"
16,-1.89794358036855,-0.601021743620024,-1.24880440204888,16,"MRT Technology Bldg. Sta."
17,-0.483981680808416,0.808660779243904,0.151190537426136,16,"MRT Xinyi Anhe Sta."
18,-1.17290168553202,0.0929991846009252,-0.549410264712763,16,"MRT Zhongxiao Fuxing Sta.(Exit 2)"
19,-0.810034581262996,0.508891609414447,-0.147689698288964,16,"MRT Zhongxiao Xinsheng Sta.(Exit 3)"
20,-1.35758799528946,-0.0681449405314895,-0.712989537142392,16,"N.T.U.S.T"
21,1.62405952040651,2.92736472365549,2.26816683761428,16,"NTNU Library"
22,0.725098407320887,2.03897197654584,1.38098321455306,16,"NTU Information Bldg."
23,-1.03384030845085,0.279433812369686,-0.38024118283021,16,"Renai & Yanji Intersection"
24,-1.5716685250659,-0.233675427365084,-0.908332063394275,16,"Roosevelt & Xinsheng S. Intersection"
25,-1.12745757602949,0.207639644586885,-0.453689571124997,16,"Taipei City Hospital Renai Branch"
26,0.00720210967051452,1.35614047488485,0.679341742999087,16,"Taipei Public Library"
27,-0.613799734579598,0.680353560757247,0.0168144311752541,16,"Wolong & Leye Intersection"
28,-0.845224300037601,0.445142183565103,-0.208410362203298,16,"Xinhai & Xinsheng Intersection"
29,-1.21154363604271,0.12930650071691,-0.544003887711324,16,"Xinsheng & Heping Intersection"
30,-2.10042324015208,-0.759525031231702,-1.42238049688201,16,"Xinyi & Dunhua Intersection"
31,-2.8490741347416,-1.50877739039908,-2.17771911376241,16,"Xinyi & Jianguo Intersection"
1,-0.885875088463416,0.42865539296872,-0.217821404081373,17,"Chengong Public Housing"
2,-1.54587749526231,-0.206904222360799,-0.888247732067976,17,"Dunhua & Keelung Intersection"
3,-1.03320030417024,0.249237063802403,-0.379587400374629,17,"JianGuo & Heping Intersection"
4,-1.86277447887379,-0.537596089562405,-1.21120581838536,17,"Jinshan & Aiguo Intersection"
5,-1.15781619044955,0.204736684207921,-0.48022724756963,17,"Keelung & Changxing Intersection"
6,-0.320699222529046,0.989563150542582,0.328722319725263,17,"LiuGong Park"
7,-0.198977037268735,1.14849159869392,0.480412228111141,17,"Longmen Square"
8,-3.66627719262114,-2.34432105380887,-2.99170792187671,17,"MRT Daan Park Sta."
9,-3.76169276302777,-2.44324156299934,-3.09447423376744,17,"MRT Daan Sta."
10,-3.10382633911551,-1.76829473444595,-2.4398210638418,17,"MRT Dongmen Sta. (Exit 4)"
11,-1.96019664212159,-0.638510264274595,-1.30147125243338,17,"MRT Gongguan Sta.(Exit 2)"
12,-0.807632392025491,0.550876700839629,-0.127440058035871,17,"MRT Linguang Sta. (Exit 2)"
13,-0.892940200058975,0.4535372131658,-0.228524172636158,17,"MRT Liuzhangli Sta."
14,-2.02577856891334,-0.721424675820117,-1.37864922894208,17,"MRT S.Y.S Memorial Hall Stataion(Exit 2.)"
15,-1.53211659450819,-0.192877894908653,-0.867440194511054,17,"MRT Taipower Building Sta. (Exit 2)"
16,-2.42214009259169,-1.0926838472548,-1.76093945959647,17,"MRT Technology Bldg. Sta."
17,-1.01253235782792,0.296443671587376,-0.360944520121454,17,"MRT Xinyi Anhe Sta."
18,-1.70792889462493,-0.409181097387917,-1.06154532226035,17,"MRT Zhongxiao Fuxing Sta.(Exit 2)"
19,-1.33379531981489,0.010511559600645,-0.659824755836554,17,"MRT Zhongxiao Xinsheng Sta.(Exit 3)"
20,-1.89844393219136,-0.564508997229943,-1.22512459468998,17,"N.T.U.S.T"
21,1.08877874230791,2.42021122696441,1.75603178006669,17,"NTNU Library"
22,0.210810422885551,1.54380717152005,0.868848157005467,17,"NTU Information Bldg."
23,-1.53320850533404,-0.250317814297204,-0.8923762403778,17,"Renai & Yanji Intersection"
24,-2.08738950059447,-0.756563073735683,-1.42046712094186,17,"Roosevelt & Xinsheng S. Intersection"
25,-1.63519547265843,-0.317847234484286,-0.965824628672587,17,"Taipei City Hospital Renai Branch"
26,-0.488060151664175,0.827222738961041,0.167206685451497,17,"Taipei Public Library"
27,-1.15165449138001,0.139695620959828,-0.495320626372336,17,"Wolong & Leye Intersection"
28,-1.36347682599145,-0.0556512998113211,-0.720545419750888,17,"Xinhai & Xinsheng Intersection"
29,-1.72483985040271,-0.398812817045789,-1.05613894525891,17,"Xinsheng & Heping Intersection"
30,-2.60766040718382,-1.24802348879171,-1.9345155544296,17,"Xinyi & Dunhua Intersection"
31,-3.3810996005004,-2.01277548887679,-2.68985417131,17,"Xinyi & Jianguo Intersection"
1,-0.487392654243684,0.827394540747012,0.16135924864009,18,"Chengong Public Housing"
2,-1.1431614793176,0.143357336283952,-0.509067079346513,18,"Dunhua & Keelung Intersection"
3,-0.667883779622835,0.664008956774845,-0.000406747653166423,18,"JianGuo & Heping Intersection"
4,-1.46763708489976,-0.183434728910115,-0.832025165663899,18,"Jinshan & Aiguo Intersection"
5,-0.758388196149309,0.566333259635841,-0.101046594848168,18,"Keelung & Changxing Intersection"
6,0.0408235942096777,1.34304436277978,0.707902972446726,18,"LiuGong Park"
7,0.170470259345214,1.51954313491579,0.859592880832603,18,"Longmen Square"
8,-3.23622030882722,-1.95329715840152,-2.61252726915525,18,"MRT Daan Park Sta."
9,-3.40493779243978,-2.03661503082634,-2.71529358104597,18,"MRT Daan Sta."
10,-2.71060610325461,-1.40517749024974,-2.06064041112033,18,"MRT Dongmen Sta. (Exit 4)"
11,-1.58546535607655,-0.27213912250774,-0.922290599711921,18,"MRT Gongguan Sta.(Exit 2)"
12,-0.410329915969873,0.932506360260688,0.251740594685592,18,"MRT Linguang Sta. (Exit 2)"
13,-0.503944747283737,0.800059529099453,0.150656480085305,18,"MRT Liuzhangli Sta."
14,-1.61920508375005,-0.352066766529976,-0.999468576220617,18,"MRT S.Y.S Memorial Hall Stataion(Exit 2.)"
15,-1.13860380733086,0.14505859771888,-0.488259541789592,18,"MRT Taipower Building Sta. (Exit 2)"
16,-2.03056873780054,-0.744319722077271,-1.381758806875,18,"MRT Technology Bldg. Sta."
17,-0.640140736634493,0.673441680419354,0.0182361326000086,18,"MRT Xinyi Anhe Sta."
18,-1.3619235275834,-0.0175745100322816,-0.68236466953889,18,"MRT Zhongxiao Fuxing Sta.(Exit 2)"
19,-0.942952270247648,0.370917963131902,-0.280644103115091,18,"MRT Zhongxiao Xinsheng Sta.(Exit 3)"
20,-1.46572891446742,-0.186126612278744,-0.845943941968519,18,"N.T.U.S.T"
21,1.47525215916577,2.79252224493833,2.13521243278815,18,"NTNU Library"
22,0.591389313372016,1.90489660177914,1.24802880972693,18,"NTU Information Bldg."
23,-1.15893351216076,0.126347636881916,-0.513195587656337,18,"Renai & Yanji Intersection"
24,-1.69680736431088,-0.369755073352607,-1.0412864682204,18,"Roosevelt & Xinsheng S. Intersection"
25,-1.25729498253163,0.0649588238660219,-0.586643975951124,18,"Taipei City Hospital Renai Branch"
26,-0.0974791267811324,1.20696384974327,0.546387338172959,18,"Taipei Public Library"
27,-0.756605156232533,0.540609499324632,-0.116139973650873,18,"Wolong & Leye Intersection"
28,-0.986447990221381,0.32645063468077,-0.341364767029425,18,"Xinhai & Xinsheng Intersection"
29,-1.30532522654602,-0.0277432936534237,-0.676958292537452,18,"Xinsheng & Heping Intersection"
30,-2.21018888071692,-0.89143825887011,-1.55533490170814,18,"Xinyi & Dunhua Intersection"
31,-2.96626389143481,-1.63775898955621,-2.31067351858854,18,"Xinyi & Jianguo Intersection"
1,0.662338393891559,1.96134066758263,1.30131610919701,19,"Chengong Public Housing"
2,-0.0316600074890646,1.28009448941511,0.630889781210407,19,"Dunhua & Keelung Intersection"
3,0.48254246017756,1.78759580636558,1.13955011290375,19,"JianGuo & Heping Intersection"
4,-0.335461345841232,0.953752346921449,0.307931694893021,19,"Jinshan & Aiguo Intersection"
5,0.384323904223953,1.69191513885837,1.03891026570875,19,"Keelung & Changxing Intersection"
6,1.19329821249105,2.50144830739376,1.84785983300365,19,"LiuGong Park"
7,1.32874453899775,2.65446521010058,1.99954974138952,19,"Longmen Square"
8,-2.14257212504167,-0.813723044298965,-1.47257040859833,19,"MRT Daan Park Sta."
9,-2.24029220502035,-0.917607703846015,-1.57533672048905,19,"MRT Daan Sta."
10,-1.56842477292735,-0.271538259649577,-0.920683550563415,19,"MRT Dongmen Sta. (Exit 4)"
11,-0.45400456266898,0.868341611871991,0.217666260844999,19,"MRT Gongguan Sta.(Exit 2)"
12,0.737625202082769,2.048173474368,1.39169745524251,19,"MRT Linguang Sta. (Exit 2)"
13,0.644739861032226,1.95244608487816,1.29061334064222,19,"MRT Liuzhangli Sta."
14,-0.514974231669833,0.80872676494434,0.140488284336303,19,"MRT S.Y.S Memorial Hall Stataion(Exit 2.)"
15,-0.0127068529979897,1.32698691500627,0.651697318767328,19,"MRT Taipower Building Sta. (Exit 2)"
16,-0.899783632848923,0.414817653975823,-0.241801946318085,19,"MRT Technology Bldg. Sta."
17,0.512383858078831,1.81232412644668,1.15819299315693,19,"MRT Xinyi Anhe Sta."
18,-0.18906012769184,1.11103201006822,0.45759219101803,19,"MRT Zhongxiao Fuxing Sta.(Exit 2)"
19,0.198416795290349,1.49533902376274,0.859312757441829,19,"MRT Zhongxiao Xinsheng Sta.(Exit 3)"
20,-0.344748849830335,0.927403303063319,0.294012918588401,19,"N.T.U.S.T"
21,2.62811582262352,3.91261525143104,3.27516929334507,19,"NTNU Library"
22,1.74128478159852,3.06502301331066,2.38798567028385,19,"NTU Information Bldg."
23,-0.0434516315358652,1.29436464016643,0.626761272900582,19,"Renai & Yanji Intersection"
24,-0.574487888873284,0.783037932940345,0.0986703923365181,19,"Roosevelt & Xinsheng S. Intersection"
25,-0.106624977760142,1.20297973383475,0.553312884605795,19,"Taipei City Hospital Renai Branch"
26,1.03591979883775,2.35662000173586,1.68634419872988,19,"Taipei Public Library"
27,0.369909768945651,1.68160888621683,1.02381688690605,19,"Wolong & Leye Intersection"
28,0.158195172027105,1.46748230015122,0.798592093527495,19,"Xinhai & Xinsheng Intersection"
29,-0.179654280811408,1.10960214897154,0.462998568019468,19,"Xinsheng & Heping Intersection"
30,-1.08276189658299,0.261104021443252,-0.415378041151218,19,"Xinyi & Dunhua Intersection"
31,-1.85351311679014,-0.50997392899127,-1.17071665803162,19,"Xinyi & Jianguo Intersection"
1,0.848611328406345,2.18056043546836,1.51803027278339,20,"Chengong Public Housing"
2,0.160468777163963,1.51311503273583,0.847603944796787,20,"Dunhua & Keelung Intersection"
3,0.726175098840597,2.00102818289135,1.35626427649013,20,"JianGuo & Heping Intersection"
4,-0.148311018052092,1.17311919427257,0.524645858479402,20,"Jinshan & Aiguo Intersection"
5,0.582044085351884,1.9266140225495,1.25562442929513,20,"Keelung & Changxing Intersection"
6,1.40094131814851,2.70700386449683,2.06457399659003,20,"LiuGong Park"
7,1.54672723819537,2.88510392965856,2.2162639049759,20,"Longmen Square"
8,-1.9140575955244,-0.582062444548195,-1.25585624501195,20,"MRT Daan Park Sta."
9,-2.0356635654529,-0.673119598452066,-1.35862255690267,20,"MRT Daan Sta."
10,-1.36758529865364,-0.055065928383624,-0.703969386977034,20,"MRT Dongmen Sta. (Exit 4)"
11,-0.216423050312074,1.09099301932233,0.43438042443138,20,"MRT Gongguan Sta.(Exit 2)"
12,0.932139300703035,2.27437503772198,1.60841161882889,20,"MRT Linguang Sta. (Exit 2)"
13,0.865711105401774,2.16560366580362,1.50732750422861,20,"MRT Liuzhangli Sta."
14,-0.273427852549744,0.981870687735964,0.357202447922684,20,"MRT S.Y.S Memorial Hall Stataion(Exit 2.)"
15,0.20619843080579,1.52940436536064,0.868411482353708,20,"MRT Taipower Building Sta. (Exit 2)"
16,-0.67365018229143,0.62254874136889,-0.025087782731704,20,"MRT Technology Bldg. Sta."
17,0.714330353493518,2.02577953150333,1.37490715674331,20,"MRT Xinyi Anhe Sta."
18,0.0165187493639912,1.3567021131427,0.67430635460441,20,"MRT Zhongxiao Fuxing Sta.(Exit 2)"
19,0.416087790036959,1.71445833894891,1.07602692102821,20,"MRT Zhongxiao Xinsheng Sta.(Exit 3)"
20,-0.139113948773847,1.17357818750744,0.510727082174782,20,"N.T.U.S.T"
21,2.84084305752016,4.12976509034853,3.49188345693145,20,"NTNU Library"
22,1.95855915127769,3.25490457006882,2.60469983387023,20,"NTU Information Bldg."
23,0.194981883949493,1.4992822261876,0.843475436486963,20,"Renai & Yanji Intersection"
24,-0.343435384703026,0.968618166510527,0.315384555922899,20,"Roosevelt & Xinsheng S. Intersection"
25,0.127686586244768,1.43388030501813,0.770027048192176,20,"Taipei City Hospital Renai Branch"
26,1.26531800461787,2.56826572820002,1.90305836231626,20,"Taipei Public Library"
27,0.581535103209807,1.89117857329807,1.24053105049243,20,"Wolong & Leye Intersection"
28,0.355005490820626,1.66866772494086,1.01530625711388,20,"Xinhai & Xinsheng Intersection"
29,0.0234763119702579,1.34278611386995,0.679712731605849,20,"Xinsheng & Heping Intersection"
30,-0.85206436638692,0.468982396584728,-0.198663877564837,20,"Xinyi & Dunhua Intersection"
31,-1.62790599617755,-0.307785882149924,-0.954002494445241,20,"Xinyi & Jianguo Intersection"
1,-0.191189008147143,1.10311687086455,0.461362203895101,21,"Chengong Public Housing"
2,-0.843390803692732,0.416095393606182,-0.209064124091502,21,"Dunhua & Keelung Intersection"
3,-0.335217083410819,0.953483564249254,0.299596207601845,21,"JianGuo & Heping Intersection"
4,-1.15317507364772,0.111705014486039,-0.532022210408887,21,"Jinshan & Aiguo Intersection"
5,-0.43894940645199,0.85850342569524,0.198956360406843,21,"Keelung & Changxing Intersection"
6,0.390787561824345,1.63516351030539,1.00790592770174,21,"LiuGong Park"
7,0.507227275090534,1.80294230091114,1.15959583608761,21,"Longmen Square"
8,-2.95005072978549,-1.65438901885662,-2.31252431390024,21,"MRT Daan Park Sta."
9,-3.08391795969293,-1.76796210679405,-2.41529062579096,21,"MRT Daan Sta."
10,-2.3929925595573,-1.13807445376077,-1.76063745586532,21,"MRT Dongmen Sta. (Exit 4)"
11,-1.27194562672715,0.0378497291247873,-0.62228764445691,21,"MRT Gongguan Sta.(Exit 2)"
12,-0.0958781667439052,1.18643147793214,0.551743549940603,21,"MRT Linguang Sta. (Exit 2)"
13,-0.206112756254544,1.10287458114265,0.450659435340316,21,"MRT Liuzhangli Sta."
14,-1.31491810466872,-0.0619392287156754,-0.699465620965605,21,"MRT S.Y.S Memorial Hall Stataion(Exit 2.)"
15,-0.838303611784549,0.459236438133225,-0.188256586534581,21,"MRT Taipower Building Sta. (Exit 2)"
16,-1.73149870584578,-0.444847581149323,-1.08175585161999,21,"MRT Technology Bldg. Sta."
17,-0.319242189745028,0.963386093019077,0.31823908785502,21,"MRT Xinyi Anhe Sta."
18,-1.02465344208115,0.259373533299467,-0.382361714283879,21,"MRT Zhongxiao Fuxing Sta.(Exit 2)"
19,-0.641437836286505,0.677207152444837,0.0193588521399199,21,"MRT Zhongxiao Xinsheng Sta.(Exit 3)"
20,-1.19727286215607,0.11338265904569,-0.545940986713508,21,"N.T.U.S.T"
21,1.80426415582382,3.08746799529433,2.43521538804316,21,"NTNU Library"
22,0.903274568835004,2.21443655985835,1.54803176498194,21,"NTU Information Bldg."
23,-0.883045606750597,0.452189499851034,-0.213192632401326,21,"Renai & Yanji Intersection"
24,-1.3851062264133,-0.0927642933291035,-0.741283512965391,21,"Roosevelt & Xinsheng S. Intersection"
25,-0.942283326011714,0.368938460503459,-0.286641020696113,21,"Taipei City Hospital Renai Branch"
26,0.186911065165458,1.49453909123271,0.84639029342797,21,"Taipei Public Library"
27,-0.443673141184269,0.824608956890279,0.183862981604138,21,"Wolong & Leye Intersection"
28,-0.683486222077817,0.583616537018155,-0.041361811774414,21,"Xinhai & Xinsheng Intersection"
29,-1.01497386428361,0.256323271165496,-0.376955337282441,21,"Xinsheng & Heping Intersection"
30,-1.9106761512204,-0.600116102782927,-1.25533194645313,21,"Xinyi & Dunhua Intersection"
31,-2.64240651939346,-1.37027977797434,-2.01067056333353,21,"Xinyi & Jianguo Intersection"
1,-0.845668452444074,0.480817647538398,-0.181978791142508,22,"Chengong Public Housing"
2,-1.49931121631204,-0.204280428931224,-0.852405119129111,22,"Dunhua & Keelung Intersection"
3,-1.00596332566915,0.324051946850457,-0.343744787435764,22,"JianGuo & Heping Intersection"
4,-1.83586843867552,-0.547753121764915,-1.1753632054465,22,"Jinshan & Aiguo Intersection"
5,-1.09878358372807,0.227291937418352,-0.444384634630765,22,"Keelung & Changxing Intersection"
6,-0.272176905690437,1.00590979947304,0.364564932664128,22,"LiuGong Park"
7,-0.165059257245265,1.17017962104927,0.516254841050006,22,"Longmen Square"
8,-3.62288670032857,-2.29213784971004,-2.95586530893785,22,"MRT Daan Park Sta."
9,-3.7216057551272,-2.40239166269916,-3.05863162082857,22,"MRT Daan Sta."
10,-3.05189383256744,-1.75717907150392,-2.40397845090293,22,"MRT Dongmen Sta. (Exit 4)"
11,-1.92888334965546,-0.610706453714508,-1.26562863949452,22,"MRT Gongguan Sta.(Exit 2)"
12,-0.789011305372117,0.620985788797585,-0.0915974450970057,22,"MRT Linguang Sta. (Exit 2)"
13,-0.852517974734284,0.450848967224425,-0.192681559697293,22,"MRT Liuzhangli Sta."
14,-1.9859392805544,-0.699356433811963,-1.34280661600321,22,"MRT S.Y.S Memorial Hall Stataion(Exit 2.)"
15,-1.49274120275201,-0.171642604384882,-0.831597581572189,22,"MRT Taipower Building Sta. (Exit 2)"
16,-2.35978449461916,-1.06205258120036,-1.7250968466576,22,"MRT Technology Bldg. Sta."
17,-1.01331916023061,0.358767570510208,-0.325101907182589,22,"MRT Xinyi Anhe Sta."
18,-1.69986941835679,-0.367725947355413,-1.02570270932149,22,"MRT Zhongxiao Fuxing Sta.(Exit 2)"
19,-1.28311849004179,0.0243623107234508,-0.623982142897689,22,"MRT Zhongxiao Xinsheng Sta.(Exit 3)"
20,-1.85677651716549,-0.536353290543292,-1.18928198175112,22,"N.T.U.S.T"
21,1.1274888036383,2.42579618826251,1.79187439300555,22,"NTNU Library"
22,0.251515313558207,1.58603257608581,0.904690769944332,22,"NTU Information Bldg."
23,-1.49806199348605,-0.222001821957318,-0.856533627438935,22,"Renai & Yanji Intersection"
24,-2.02990178444939,-0.718964858931418,-1.384624508003,22,"Roosevelt & Xinsheng S. Intersection"
25,-1.57569308533862,-0.266119107988813,-0.929982015733722,22,"Taipei City Hospital Renai Branch"
26,-0.439419363566093,0.840865913206236,0.203049298390362,22,"Taipei Public Library"
27,-1.10734946463019,0.186819260271331,-0.459478013433471,22,"Wolong & Leye Intersection"
28,-1.32864056973228,-0.0230366482799999,-0.684702806812023,22,"Xinhai & Xinsheng Intersection"
29,-1.67799280766666,-0.377329440619559,-1.02029633232005,22,"Xinsheng & Heping Intersection"
30,-2.53883803156221,-1.22867654664002,-1.89867294149074,22,"Xinyi & Dunhua Intersection"
31,-3.33039901091044,-2.00727560469934,-2.65401155837114,22,"Xinyi & Jianguo Intersection"
1,0.536106644302266,1.85690394337718,1.20906827772332,23,"Chengong Public Housing"
2,-0.111706346729998,1.1905193699129,0.538641949736718,23,"Dunhua & Keelung Intersection"
3,0.397548711950264,1.71297154302562,1.04730228143006,23,"JianGuo & Heping Intersection"
4,-0.416664834997016,0.871286325263516,0.215683863419333,23,"Jinshan & Aiguo Intersection"
5,0.303781215197086,1.57551439840017,0.946662434235063,23,"Keelung & Changxing Intersection"
6,1.11122213437289,2.41105590227042,1.75561200152996,23,"LiuGong Park"
7,1.24002215504359,2.57733856831981,1.90730190991583,23,"Longmen Square"
8,-2.17615501746022,-0.91893267033382,-1.56481824007202,23,"MRT Daan Park Sta."
9,-2.33919850036176,-0.99840617036098,-1.66758455196274,23,"MRT Daan Sta."
10,-1.63431157263543,-0.366514299989094,-1.0129313820371,23,"MRT Dongmen Sta. (Exit 4)"
11,-0.531858736965999,0.765640855819641,0.12541842937131,23,"MRT Gongguan Sta.(Exit 2)"
12,0.637822552452545,1.94281020707334,1.29944962376882,23,"MRT Linguang Sta. (Exit 2)"
13,0.531604930637135,1.81325433853948,1.19836550916854,23,"MRT Liuzhangli Sta."
14,-0.585571125178677,0.689350935551737,0.0482404528626145,23,"MRT S.Y.S Memorial Hall Stataion(Exit 2.)"
15,-0.0989919389178758,1.20985557312073,0.559449487293639,23,"MRT Taipower Building Sta. (Exit 2)"
16,-0.972415181337537,0.318069222968229,-0.334049777791773,23,"MRT Technology Bldg. Sta."
17,0.446153577874999,1.69859782840437,1.06594516168324,23,"MRT Xinyi Anhe Sta."
18,-0.286883569074049,1.00582702654865,0.365344359544341,23,"MRT Zhongxiao Fuxing Sta.(Exit 2)"
19,0.106625516553224,1.42526180717183,0.76706492596814,23,"MRT Zhongxiao Xinsheng Sta.(Exit 3)"
20,-0.453170917593703,0.851291058702292,0.201765087114712,23,"N.T.U.S.T"
21,2.53985351163249,3.81488245128795,3.18292146187138,23,"NTNU Library"
22,1.64536095037863,2.95462435913562,2.29573783881016,23,"NTU Information Bldg."
23,-0.123702131401619,1.18787874605462,0.534513441426894,23,"Renai & Yanji Intersection"
24,-0.645436320391427,0.668928781666385,0.0064225608628293,23,"Roosevelt & Xinsheng S. Intersection"
25,-0.187542617673684,1.10257303728169,0.461065053132107,23,"Taipei City Hospital Renai Branch"
26,0.94624968660366,2.24838745688594,1.59409636725619,23,"Taipei Public Library"
27,0.287454276389598,1.58069423034664,0.931569055432358,23,"Wolong & Leye Intersection"
28,0.062603700372548,1.34888764868464,0.706344262053806,23,"Xinhai & Xinsheng Intersection"
29,-0.253443454520155,1.01988471674072,0.370750736545779,23,"Xinsheng & Heping Intersection"
30,-1.16282056564335,0.14760461092555,-0.507625872624907,23,"Xinyi & Dunhua Intersection"
31,-1.92436484036879,-0.590947088207994,-1.26296448950531,23,"Xinyi & Jianguo Intersection"
1,0.156521829526333,1.47210154489189,0.801047404454953,24,"Chengong Public Housing"
2,-0.531428792489746,0.772926410887458,0.13062107646835,24,"Dunhua & Keelung Intersection"
3,-0.0203054940167695,1.31056881444433,0.639281408161697,24,"JianGuo & Heping Intersection"
4,-0.814892747675416,0.460542075838096,-0.192337009849036,24,"Jinshan & Aiguo Intersection"
5,-0.12462516462489,1.22053471457203,0.538641560966695,24,"Keelung & Changxing Intersection"
6,0.701329210233282,2.00504829472021,1.34759112826159,24,"LiuGong Park"
7,0.845224284743243,2.16870939686967,1.49928103664747,24,"Longmen Square"
8,-2.61494181711679,-1.31948150783669,-1.97283911334039,24,"MRT Daan Park Sta."
9,-2.71905751575752,-1.42104492815636,-2.07560542523111,24,"MRT Daan Sta."
10,-2.09781066674341,-0.766476065523369,-1.42095225530547,24,"MRT Dongmen Sta. (Exit 4)"
11,-0.951061952510473,0.366360966535843,-0.282602443897058,24,"MRT Gongguan Sta.(Exit 2)"
12,0.237438186406113,1.56433864265595,0.891428750500455,24,"MRT Linguang Sta. (Exit 2)"
13,0.126028001693017,1.45533513811868,0.790344635900167,24,"MRT Liuzhangli Sta."
14,-0.99861773922415,0.296697121794927,-0.359780420405754,24,"MRT S.Y.S Memorial Hall Stataion(Exit 2.)"
15,-0.495421335922845,0.791423541613567,0.151428614025271,24,"MRT Taipower Building Sta. (Exit 2)"
16,-1.38865158116576,-0.083520428862319,-0.742070651060142,24,"MRT Technology Bldg. Sta."
17,0.0255050015978746,1.31516401124255,0.657924288414871,24,"MRT Xinyi Anhe Sta."
18,-0.719195022778819,0.608330867668284,-0.0426765137240271,24,"MRT Zhongxiao Fuxing Sta.(Exit 2)"
19,-0.306137001386202,1.01404504816822,0.359044052699772,24,"MRT Zhongxiao Xinsheng Sta.(Exit 3)"
20,-0.877563967338525,0.469541317623438,-0.206255786153656,24,"N.T.U.S.T"
21,2.11744090333536,3.43632020038887,2.77490058860302,24,"NTNU Library"
22,1.2260733285215,2.55460228857352,1.88771696554179,24,"NTU Information Bldg."
23,-0.524387293654144,0.766966927151902,0.126492568158526,24,"Renai & Yanji Intersection"
24,-1.0657655514342,0.240447415247904,-0.401598312405539,24,"Roosevelt & Xinsheng S. Intersection"
25,-0.602406037084928,0.691133072435959,0.0530441798637385,24,"Taipei City Hospital Renai Branch"
26,0.546102428201396,1.84381373360577,1.18607549398782,24,"Taipei Public Library"
27,-0.115503413452618,1.17835292955558,0.52354818216399,24,"Wolong & Leye Intersection"
28,-0.365376050449127,0.931841945524646,0.298323388785438,24,"Xinhai & Xinsheng Intersection"
29,-0.694203264016516,0.601337979327285,-0.0372701367225889,24,"Xinsheng & Heping Intersection"
30,-1.5812187563913,-0.24071380663529,-0.915646745893275,24,"Xinyi & Dunhua Intersection"
31,-2.33458532206377,-0.997565636335232,-1.67098536277368,24,"Xinyi & Jianguo Intersection"
